1,Line,789975.6251,2963669.4429,790017.0075,2963628.4751
1,Line,790707.3622,2963630.8697,790355.4070,2963046.5665
1,Line,789699.6975,2962848.0460,789999.2019,2962657.1257
1,Line,789893.4621,2963597.3801,789918.4477,2963572.6449
1,Line,790460.7346,2961814.5836,790664.6129,2961858.3712
1,Line,790775.8613,2962185.2336,790731.7462,2962228.9068
1,Line,790777.6342,2963561.3018,790707.3622,2963630.8697
1,Line,790731.7462,2962228.9068,791165.0029,2962401.8439
1,Line,789999.2019,2962657.1257,790018.7051,2962637.8179
1,Line,789159.8387,2963083.5561,789195.7555,2963047.9992
1,Line,789557.7008,2962878.6158,789532.7152,2962903.3510
1,Line,790483.1756,2963642.2315,790203.4954,2963174.1668
1,Line,789323.3037,2963193.3987,789290.6359,2963225.7393
1,Line,789764.1193,2963544.0314,789794.5705,2963513.8853
1,Line,789824.7786,2962935.3847,789699.6975,2962848.0460
1,Line,789608.3665,2963343.2589,789615.8940,2963485.4415
1,Line,789615.8940,2963485.4415,789582.2510,2963518.7474
1,Line,792941.9648,2954785.2095,792732.8831,2955061.7065
1,Line,793172.5142,2954857.2983,792899.6157,2955055.2429
1,Line,790062.4481,2957620.6790,789947.5245,2957861.8005
1,Line,788291.3947,2960669.3474,788332.0031,2960629.1459
1,Line,787109.4688,2960299.5659,787210.6483,2960226.8330
1,Line,787827.8201,2959939.7916,787712.9796,2960105.9758
1,Line,788651.7415,2958697.9411,788663.7044,2958840.3094
1,Line,786607.3320,2960829.2873,786668.3257,2960744.9321
1,Line,790169.0322,2957624.2235,790233.2131,2957777.5335
1,Line,793215.9789,2957210.9898,793018.0744,2956803.3790
1,Line,793169.1310,2957257.3684,793215.9789,2957210.9898
1,Line,791320.7198,2963086.3929,791244.0215,2962753.9898
1,Line,791263.7214,2963142.8202,791320.7198,2963086.3929
1,Line,792268.0336,2956818.4838,792162.2994,2956618.6157
1,Line,791461.4385,2956461.7861,791391.3717,2956578.6356
1,Line,789372.8311,2958669.5590,789356.7595,2958586.3691
1,Line,792075.5903,2956841.6185,791922.1940,2956548.2508
1,Line,787395.9481,2957514.3515,787314.4886,2957561.7062
1,Line,787377.4767,2957541.0119,787395.9481,2957514.3515
1,Line,787145.7317,2956958.2836,787237.9666,2956944.6678
1,Line,787475.9316,2957597.6634,787397.2541,2957676.7539
1,Line,787586.7586,2953979.0165,787554.2782,2953884.8885
1,Line,788996.1302,2958242.6189,788933.7257,2958152.8336
1,Line,785998.6998,2955196.5333,785947.2435,2955462.2301
1,Line,787333.5215,2953914.1756,787228.9431,2953976.8365
1,Line,787054.1410,2956816.4469,787151.5724,2956754.6791
1,Line,787849.3357,2953772.6705,787810.4131,2953713.4137
1,Line,791576.7603,2955634.6548,791639.7470,2955852.0448
1,Line,787652.2006,2955241.5406,787691.8927,2955245.0414
1,Line,788120.7273,2955784.5073,787998.9072,2955821.6637
1,Line,790155.7493,2956188.8242,790055.7879,2956429.4310
1,Line,787151.5724,2956754.6791,787108.2320,2956769.8844
1,Line,791617.3619,2955594.4600,791576.7603,2955634.6548
1,Line,787635.3954,2954532.4743,787634.8773,2954532.6579
1,Line,788857.2210,2962439.7723,788906.8018,2962390.6883
1,Line,789041.7280,2962942.3865,789080.7680,2962903.7377
1,Line,786267.7335,2961198.0352,786224.7281,2961304.3392
1,Line,786161.3530,2961202.5581,786222.4620,2961136.9599
1,Line,790659.7325,2962587.9686,790611.3229,2962635.8931
1,Line,790611.3229,2962635.8931,790926.6485,2962672.7223
1,Line,790434.9843,2961049.1354,790776.2220,2961138.4923
1,Line,790395.5539,2961088.1707,790434.9843,2961049.1354
1,Line,785598.1075,2962015.0618,785621.7572,2962225.8086
1,Line,785304.5832,2962751.8862,785337.7672,2962719.0347
1,Line,786760.0201,2960770.0481,786665.0792,2960830.8344
1,Line,788559.5007,2958435.4445,788497.0963,2958345.6592
1,Line,785337.7672,2962719.0347,785182.2790,2962462.0254
1,Line,786114.5844,2961532.7354,786111.5330,2961723.8258
1,Line,786254.6738,2961412.1757,786410.0034,2961536.6976
1,Line,786847.9782,2960920.6557,786766.8758,2961054.2494
1,Line,786175.9661,2961907.0820,786296.5755,2961607.8175
1,Line,787544.2454,2959941.2905,787673.4268,2959862.9835
1,Line,787892.7777,2959664.2505,787936.1057,2959606.4549
1,Line,789294.4104,2958140.3177,789232.0059,2958050.5324
1,Line,789560.2995,2958057.1287,789551.4030,2958104.1312
1,Line,790011.8978,2960758.7214,789768.0474,2960616.8711
1,Line,788354.1888,2960236.0290,788497.7067,2960245.2089
1,Line,787735.9892,2955625.3298,787662.1251,2955529.9000
1,Line,789653.5849,2957990.8770,789591.1804,2957901.0917
1,Line,788497.7067,2960245.2089,788298.5060,2960280.3766
1,Line,794453.0631,2957278.3051,794424.8891,2957078.9286
1,Line,790083.1824,2960013.3884,790102.3640,2959994.3989
1,Line,789542.1377,2952120.1511,789319.5674,2952020.7491
1,Line,788165.4145,2960498.5361,788195.9874,2960468.2695
1,Line,788275.4583,2960559.7445,788306.0312,2960529.4780
1,Line,790741.5174,2956693.0016,790654.8533,2956623.5308
1,Line,791337.2772,2956415.9439,791267.2104,2956532.7934
1,Line,788485.9280,2959179.4905,788458.9832,2959206.1654
1,Line,791424.7897,2956090.1782,791211.1064,2956075.4782
1,Line,785194.5046,2962186.7616,785555.1128,2961226.5904
1,Line,785093.1020,2962139.7106,785614.3964,2960905.2973
1,Line,785248.0412,2960428.5884,785070.7620,2960051.9526
1,Line,785289.7306,2962202.0148,785827.9571,2961310.3667
1,Line,784842.6173,2961955.2623,784825.8565,2961523.8812
1,Line,784717.5679,2961933.6338,784522.1325,2961356.1269
1,Line,785019.1977,2962099.1369,785389.8796,2960817.7193
1,Line,784964.6035,2962014.1714,784957.2873,2961217.3335
1,Line,785264.1608,2960613.1667,784780.1488,2959914.9048
1,Line,786920.4744,2960963.2834,786839.3721,2961096.8771
1,Line,787893.5195,2960005.3659,787825.0257,2960104.4824
1,Line,787743.7363,2955689.1577,787662.1251,2955529.9000
1,Line,786144.0580,2961814.3089,786181.1909,2961578.5070
1,Line,784318.9868,2961014.8548,783724.2542,2960954.3104
1,Line,784499.7227,2960861.0535,783665.5298,2960807.5303
1,Line,784494.0700,2961124.2422,784110.3666,2962122.4099
1,Line,784159.5025,2961495.5451,784110.3161,2962122.3985
1,Line,791763.4500,2957308.1036,791721.4846,2957349.6485
1,Line,790578.0679,2959088.9680,790512.8860,2959153.4968
1,Line,791421.6028,2957768.6987,791376.7977,2957813.0549
1,Line,791728.5891,2957071.5721,791686.6237,2957113.1170
1,Line,790018.8857,2962727.7147,790073.2355,2962673.9095
1,Line,789853.4278,2963542.9881,789799.5380,2963596.3378
1,Line,790696.0291,2959201.7944,790639.3904,2959257.8655
1,Line,790107.8030,2962809.3504,790068.8851,2962854.1496
1,Line,791330.6013,2957576.4330,791280.1167,2957626.4118
1,Line,786723.9548,2961941.0233,786754.5277,2961910.7568
1,Line,788979.8242,2959615.2465,788965.7522,2959557.2403
1,Line,787915.0242,2959528.3097,787814.1225,2959600.1050
1,Line,787179.8295,2960359.2316,787251.6740,2960273.4591
1,Line,790403.5030,2958549.3711,790350.0285,2958602.3098
1,Line,790452.9266,2958700.5536,790405.4641,2958747.5406
1,Line,789799.7621,2962022.7098,789775.7394,2962042.2770
1,Line,789608.6574,2961375.0962,789544.3227,2961339.0649
1,Line,786847.8355,2961977.6283,786878.4084,2961947.3617
1,Line,787084.3482,2961590.7963,787114.9211,2961560.5298
1,Line,794501.9655,2956327.3845,794457.8503,2956371.0577
1,Line,792091.3509,2955852.0388,792116.0395,2955876.9772
1,Line,787944.2187,2960889.7795,787974.7916,2960859.5130
1,Line,787820.3380,2960853.1746,787850.9109,2960822.9081
1,Line,787456.6437,2961373.0947,787487.2166,2961342.8282
1,Line,787332.7630,2961336.4898,787363.3359,2961306.2232
1,Line,794583.2492,2956411.8333,794555.1404,2956439.6605
1,Line,792659.3920,2955988.5426,792635.2377,2956012.4549
1,Line,792985.8863,2955638.6353,792955.2800,2955668.9349
1,Line,791777.4335,2962511.2046,791735.6607,2962552.5589
1,Line,791734.4115,2962247.5505,791677.8035,2962303.5913
1,Line,793661.3851,2956127.9600,793617.3233,2956171.5802
1,Line,793879.1729,2956143.0280,793836.9692,2956184.8089
1,Line,792958.8668,2955967.3398,792914.8050,2956010.9600
1,Line,793054.4658,2955747.6675,793021.0197,2955780.7785
1,Line,784958.1585,2956807.5145,784518.3537,2956714.4415
1,Line,785790.1913,2957883.8537,785625.2900,2958398.2507
1,Line,785193.6431,2956840.3589,785211.8678,2956828.8863
1,Line,785255.8375,2956943.0253,785193.6431,2956840.3589
1,Line,785308.9277,2958548.5866,785217.2627,2958639.3333
1,Line,784693.8675,2958437.9202,784602.2024,2958528.6668
1,Line,785625.2900,2958398.2507,785533.6250,2958488.9973
1,Line,785217.5440,2958016.1904,785308.9277,2958548.5866
1,Line,784870.2383,2956559.9947,784841.8420,2956574.6941
1,Line,791790.4427,2962672.2243,791467.9097,2962863.3957
1,Line,785093.1020,2962139.7106,785046.2463,2962186.0968
1,Line,786676.8372,2956128.3579,786641.8274,2956137.1066
1,Line,786728.8368,2956193.9413,786676.8372,2956128.3579
1,Line,786374.7176,2960629.0372,786319.8656,2960676.5514
1,Line,786073.0128,2960095.4534,786278.3581,2960400.8065
1,Line,785194.5046,2962186.7616,785147.6725,2962228.9120
1,Line,785289.7306,2962202.0148,785255.6537,2962235.7502
1,Line,787800.0297,2954788.3302,787782.2405,2954968.2256
1,Line,787811.5404,2954755.9072,787800.0297,2954788.3302
1,Line,785229.1692,2957731.3530,785320.5529,2958424.2892
1,Line,786927.9349,2955182.3842,786909.9765,2955200.1627
1,Line,788708.2514,2955578.4282,788898.9057,2955845.9726
1,Line,788865.9206,2956717.9792,788961.8228,2956374.4586
1,Line,787683.6353,2956072.3764,787772.1003,2956232.1768
1,Line,788670.7730,2955615.5311,788708.2514,2955578.4282
1,Line,794845.6599,2956361.4407,794799.2023,2956407.4328
1,Line,786427.5905,2959584.1625,785994.4107,2959433.4950
1,Line,786359.7911,2961951.7731,786267.7108,2962218.7278
1,Line,784686.6345,2957534.5995,784243.7222,2957730.8305
1,Line,786155.5159,2960840.2756,786192.4685,2960806.1901
1,Line,790940.9472,2959637.5563,790903.4688,2959674.6592
1,Line,794799.2023,2956407.4328,794767.0527,2956661.5259
1,Line,786267.7108,2962218.7278,786225.5476,2962260.4686
1,Line,790903.4688,2959674.6592,790688.0096,2959703.7646
1,Line,784600.0745,2960369.8365,784459.9022,2960273.0615
1,Line,784846.5790,2960084.2010,784799.1411,2960048.0425
1,Line,784268.2930,2960676.1250,784168.7332,2960539.1445
1,Line,784459.9022,2960273.0615,784417.9194,2960309.0816
1,Line,784545.0466,2960403.4879,784459.9022,2960273.0615
1,Line,785410.3345,2960277.8464,785287.1200,2959891.6607
1,Line,784835.7149,2960327.7623,784846.5790,2960084.2010
1,Line,786019.3821,2961201.6522,786044.7186,2961053.7402
1,Line,784168.7332,2960539.1445,784266.7032,2960453.2404
1,Line,783629.8238,2960842.6892,783665.3502,2960807.5188
1,Line,783696.3567,2960981.7328,783724.0751,2960954.2921
1,Line,783481.8456,2961202.5036,783873.3942,2961303.6386
1,Line,783442.0248,2961241.9254,783481.8456,2961202.5036
1,Line,784964.6035,2962014.1714,784917.7242,2962064.7936
1,Line,785019.1977,2962099.1369,784978.7314,2962139.1977
1,Line,784673.8431,2961976.9205,784717.5679,2961933.6338
1,Line,784794.9886,2962002.4138,784842.6173,2961955.2623
1,Line,786879.7097,2955131.9065,786713.6773,2955365.3554
1,Line,788259.7268,2952838.8476,788236.7758,2952809.8565
1,Line,786308.9560,2956640.2275,786258.4762,2956777.9823
1,Line,788887.2928,2952430.1533,788964.3077,2952240.0520
1,Line,785033.8341,2955742.8355,785106.9221,2955786.1205
1,Line,784918.0263,2955164.4154,785007.0256,2955085.3099
1,Line,788075.6294,2952970.2290,788259.7268,2952838.8476
1,Line,785106.9221,2955786.1205,785053.6029,2955829.5534
1,Line,785862.6887,2957341.0427,785975.2413,2957358.1955
1,Line,786397.4138,2955923.8083,786279.6679,2955791.8834
1,Line,786148.7083,2956271.5762,786111.5601,2956298.5373
1,Line,783856.2615,2961556.1057,783701.3771,2961557.7718
1,Line,785544.4662,2955766.0887,785757.3773,2955985.1966
1,Line,785639.0784,2956708.1223,785559.2499,2956620.3624
1,Line,786358.3220,2955336.9241,786207.8825,2955520.4494
1,Line,786266.3435,2956342.1677,786148.7083,2956271.5762
1,Line,785559.2499,2956620.3624,785578.2068,2956608.6428
1,Line,788726.6267,2956161.1269,788779.5300,2956495.4260
1,Line,788846.2682,2954200.0617,788788.0986,2954257.6485
1,Line,788815.3354,2954035.2924,788759.8986,2954090.1737
1,Line,788056.9802,2959060.9606,788080.6264,2959216.1034
1,Line,788555.5133,2953373.9760,788611.0974,2953318.9488
1,Line,789679.8247,2956575.4195,789629.1979,2956625.5390
1,Line,789669.7853,2956750.0754,789622.3227,2956797.0624
1,Line,789038.9730,2954768.2042,788995.2482,2954811.4909
1,Line,789245.8872,2954721.6643,789204.2374,2954762.8969
1,Line,788212.8176,2958570.5641,788150.4132,2958480.7788
1,Line,785888.5700,2955170.2591,785837.1137,2955435.9560
1,Line,786608.5706,2954827.0988,786537.7819,2954711.2974
1,Line,787638.8111,2954834.0139,787492.6876,2954776.2878
1,Line,787731.2616,2954431.4788,787701.5442,2954554.9324
1,Line,787976.8743,2958880.7813,787977.5275,2958971.1725
1,Line,788096.5151,2958608.7162,788051.3526,2958460.9633
1,Line,788269.1858,2959007.5995,788317.3420,2959087.6838
1,Line,788321.8215,2958925.3764,788294.3245,2958861.5305
1,Line,787637.0517,2953475.7526,787414.4813,2953376.3506
1,Line,787993.8276,2953212.8312,787771.2572,2953113.4292
1,Line,786592.1522,2954185.4724,786369.5819,2954086.0704
1,Line,787102.4378,2953849.5748,786879.8675,2953750.1728
1,Line,787438.5244,2955749.7426,787507.5232,2955572.9755
1,Line,787691.8927,2955245.0414,787769.5345,2955295.2189
1,Line,788676.0238,2952757.8292,788484.5175,2952644.3015
1,Line,784705.0458,2956061.0188,784532.3584,2955676.1100
1,Line,786051.1217,2954573.3448,785815.1965,2954455.5455
1,Line,789671.4792,2955074.8678,789735.8398,2955011.1521
1,Line,789462.2587,2956114.1557,789414.7961,2956161.1427
1,Line,789378.2329,2954735.4423,789328.6948,2954784.4841
1,Line,789615.7550,2954982.4968,789659.6372,2954939.0543
1,Line,788599.4198,2953462.0403,788644.1123,2953404.4247
1,Line,785833.2826,2954720.3431,785610.7122,2954620.9411
1,Line,789528.9630,2956169.8739,789487.5124,2956210.9093
1,Line,790628.5391,2955297.3828,790648.7650,2955277.3596
1,Line,789296.5405,2957624.9063,789479.2105,2957716.5496
1,Line,787901.0801,2957703.0221,787858.9741,2957598.3622
1,Line,792017.7783,2955218.6438,791948.2871,2955287.4388
1,Line,789255.9971,2957915.5523,789437.1396,2957988.7642
1,Line,787630.7018,2957938.0080,787650.3802,2958027.4948
1,Line,786909.9765,2955200.1627,786846.5381,2955366.9276
1,Line,787780.2471,2957737.7649,787751.5798,2957596.3858
1,Line,787545.3399,2957895.6965,787541.7718,2957752.5862
1,Line,791617.3619,2955594.4600,791576.7603,2955634.6548
1,Line,788808.1414,2956775.1795,788865.9206,2956717.9792
1,Line,789283.3467,2957164.5923,789204.1042,2957335.9781
1,Line,788779.5300,2956495.4260,788744.4243,2956530.1800
1,Line,788756.1487,2957041.9793,788722.1839,2957075.6038
1,Line,791948.2871,2955287.4388,791979.4364,2955541.8640
1,Line,791576.7603,2955634.6548,791639.7470,2955852.0448
1,Line,789204.1042,2957335.9781,789176.7762,2957363.0323
1,Line,789937.7293,2955937.5139,790070.5213,2955711.1480
1,Line,787218.9623,2954265.4317,787166.4429,2954185.2124
1,Line,787887.3307,2954498.0807,787914.7000,2954381.4606
1,Line,786308.4997,2954944.7855,786303.6372,2954749.3014
1,Line,786693.2652,2956053.2039,786711.2534,2956050.7207
1,Line,785623.1439,2955300.7910,785660.1839,2955457.4205
1,Line,787523.3015,2954317.5011,787617.4835,2954297.8020
1,Line,788123.8622,2953680.0695,788069.2861,2953858.2881
1,Line,785990.6356,2954799.2771,786157.9448,2954714.2433
1,Line,789602.0190,2955771.7067,789540.9712,2955655.9887
1,Line,787247.6393,2955796.6767,787182.2397,2955707.4436
1,Line,787983.0333,2955461.3887,787972.6623,2955395.2048
1,Line,787210.8298,2956483.2481,787372.6060,2956538.8849
1,Line,787318.5816,2956173.0921,787379.8650,2956335.4401
1,Line,789221.5578,2955833.6480,789203.6891,2955722.7819
1,Line,789540.9712,2955655.9887,789465.0051,2955668.2813
1,Line,788258.8749,2955345.9454,788330.0188,2955421.3231
1,Line,789203.6891,2955722.7819,789228.8525,2955703.1177
1,Line,789918.6516,2957651.2066,789733.6377,2957871.3789
1,Line,793021.0197,2955780.7785,792607.0420,2955654.7378
1,Line,789865.8419,2957589.3186,789749.3890,2957780.2882
1,Line,789865.8419,2957589.3186,789651.6992,2957814.9595
1,Line,791280.1167,2957626.4118,790916.8462,2957322.8015
1,Line,791376.7977,2957813.0549,790812.0686,2957384.0614
1,Line,792955.2800,2955668.9349,792726.2871,2955474.3502
1,Line,792955.2800,2955668.9349,792755.3300,2955587.0843
1,Line,790405.4641,2958747.5406,790009.8766,2958630.2079
1,Line,790861.7888,2959776.4162,790600.1207,2959774.5070
1,Line,790639.3904,2959257.8655,790214.9358,2959233.6650
1,Line,791677.8035,2962303.5913,791299.3186,2962160.5612
1,Line,791677.8035,2962303.5913,791124.2568,2961985.0516
1,Line,790350.0285,2958602.3098,790037.3955,2958503.3449
1,Line,790350.0285,2958602.3098,789936.5218,2958580.3027
1,Line,790512.8860,2959153.4968,790236.9449,2959116.3417
1,Line,790512.8860,2959153.4968,790136.0636,2959193.3012
1,Line,793684.3639,2956522.9597,793617.3571,2956171.7570
1,Line,793764.2998,2956486.7129,793836.9271,2956184.9839
1,Line,794578.9523,2956695.4348,794555.1571,2956439.8397
1,Line,794392.9972,2956606.1883,794457.8025,2956371.2312
1,Line,792338.5819,2956148.5015,792635.0741,2956012.5299
1,Line,792469.0913,2956129.2772,792914.6311,2956011.0062
1,Line,793578.3447,2956397.4664,793617.2927,2956171.7576
1,Line,792418.2609,2956219.9066,792914.6391,2956011.0298
1,Line,794499.0164,2956731.6816,794457.8708,2956371.2365
1,Line,787487.2166,2961342.8282,787203.5009,2960947.1784
1,Line,787487.2166,2961342.8282,787232.5300,2961059.9484
1,Line,791376.7977,2957813.0549,790841.0938,2957496.8265
1,Line,787363.3359,2961306.2232,787193.7049,2961038.2876
1,Line,786878.4084,2961947.3617,786649.7928,2961670.9786
1,Line,787114.9211,2961560.5298,786925.3900,2961316.1698
1,Line,786754.5277,2961910.7568,786599.8234,2961643.8141
1,Line,786878.4084,2961947.3617,786588.4594,2961546.9982
1,Line,787116.4792,2960401.5448,786975.9874,2960460.8471
1,Line,793560.7667,2956833.5964,793288.3615,2957411.4368
1,Line,787151.5693,2960561.1612,787189.6580,2960626.4272
1,Line,787037.4379,2960631.1159,787179.6068,2960741.8667
1,Line,790292.6537,2957186.0116,790402.1657,2956894.0451
1,Line,789132.3919,2958793.5853,789119.8033,2958644.5589
1,Line,794209.2043,2956988.7090,793754.8727,2957431.7622
1,Line,790532.8272,2957185.5731,790638.2624,2957110.1762
1,Line,787025.2153,2960582.0600,787189.5750,2960626.5357
1,Line,788084.6384,2959532.8800,788233.1140,2959670.1765
1,Line,788122.4863,2959604.3375,788233.0915,2959670.2066
1,Line,789173.9323,2958996.4850,789551.5440,2959303.6201
1,Line,789194.6340,2959110.2950,789551.5254,2959303.6479
1,Line,787402.5783,2960316.1300,787471.9725,2960335.9488
1,Line,787306.5099,2960365.7993,787420.6736,2960483.2217
1,Line,788132.9985,2959524.4734,788226.7905,2959588.2317
1,Line,787374.4216,2960239.9706,787472.0172,2960335.8721
1,Line,792152.1629,2956420.3664,791944.1782,2956250.8814
1,Line,791721.4846,2957349.6485,791338.6021,2956981.0560
1,Line,792152.1629,2956420.3664,792050.2563,2956283.9094
1,Line,792346.5572,2956387.6619,792094.3132,2956162.3792
1,Line,790551.7861,2957345.2973,790694.5190,2957391.6995
1,Line,791735.6607,2962552.5589,791318.1469,2962415.1338
1,Line,791686.6237,2957113.1170,791381.8321,2956877.3663
1,Line,791721.4846,2957349.6485,791162.0276,2957014.2114
1,Line,789107.5587,2959099.9348,789566.6682,2959391.2989
1,Line,788898.5886,2958988.4905,789009.1079,2958957.2809
1,Line,788946.7728,2958566.9466,789026.0535,2958490.1285
1,Line,790224.7040,2962882.8581,790433.2446,2962836.7821
1,Line,789998.2974,2961555.9874,790168.0121,2961608.3571
1,Line,791965.1240,2956004.5299,791927.0926,2955841.8419
1,Line,791983.4475,2956063.7204,792115.9353,2955877.1240
1,Line,790295.8995,2962395.1286,790330.2675,2962272.8353
1,Line,791856.3260,2956090.3855,791927.0024,2955841.8397
1,Line,788419.0327,2959111.5980,788518.9826,2958943.2689
1,Line,788970.4107,2962589.8858,789200.5813,2962379.0260
1,Line,788906.8018,2962390.6883,789170.1176,2962181.1440
1,Line,789195.7555,2963047.9992,789577.5029,2962455.1605
1,Line,789080.7680,2962903.7377,789383.3333,2962531.2536
1,Line,788494.5277,2961181.5378,788692.9756,2961140.9568
1,Line,788494.5277,2961181.5378,788740.9751,2961037.9032
1,Line,788906.8018,2962390.6883,789080.6872,2962160.2468
1,Line,788942.0022,2961630.6677,789177.5731,2961740.3111
1,Line,789323.3037,2963193.3987,789408.9773,2963078.4788
1,Line,789918.4477,2963572.6449,789817.5991,2963213.7578
1,Line,789794.5705,2963513.8853,789713.7099,2963286.2108
1,Line,790017.0075,2963628.4751,789928.7371,2963208.9303
1,Line,789918.4477,2963572.6449,789873.1516,2963266.8975
1,Line,789589.5699,2963070.5689,789532.7731,2962903.5215
1,Line,789323.3037,2963193.3987,789449.9802,2962966.9709
1,Line,789466.6495,2963432.8896,789752.1907,2963112.2796
1,Line,789752.3104,2963112.1452,789753.5376,2963027.7423
1,Line,786882.7183,2960686.6652,786927.4633,2960689.3487
1,Line,786489.0812,2961070.2772,786563.6387,2961146.3418
1,Line,789903.0365,2959456.6343,790045.9744,2959424.0892
1,Line,786882.7183,2960686.6652,786981.1358,2960733.3786
1,Line,786339.0977,2961363.2379,786416.8016,2961410.6736
1,Line,787884.7444,2957941.5149,787735.8731,2957884.9611
1,Line,786489.0812,2961070.2772,786497.7505,2961107.9552
1,Line,786304.0879,2961304.7401,786416.8241,2961410.6441
1,Line,789903.0365,2959456.6343,790122.7360,2959467.2022
1,Line,788367.3842,2960968.1278,788626.3147,2960812.3594
1,Line,788307.4108,2960896.1918,788565.8499,2960757.3475
1,Line,788420.1607,2961119.1933,788685.7894,2961006.7105
1,Line,788367.3842,2960968.1278,788585.5185,2960886.6633
1,Line,789874.2492,2959617.2913,790055.5677,2959589.5292
1,Line,789387.2659,2959806.7227,789562.2133,2959849.8411
1,Line,788315.0713,2960246.7696,788331.9951,2960628.9661
1,Line,789799.8824,2959981.7668,789939.6288,2959991.0463
1,Line,789342.1605,2960766.4590,789169.0364,2960917.6651
1,Line,789342.1605,2960766.4590,789231.3031,2960818.5055
1,Line,789220.9544,2960545.8796,789057.0777,2960626.1692
1,Line,789220.9544,2960545.8796,789127.8322,2960528.8900
1,Line,789544.3227,2961339.0649,789368.5369,2961216.7983
1,Line,789697.5794,2961526.3871,789380.4761,2961366.4485
1,Line,789310.2003,2960697.5223,789150.1436,2960731.4705
1,Line,789544.3227,2961339.0649,789306.3290,2961315.9145
1,Line,789227.6831,2960443.3150,789049.2180,2960422.1543
1,Line,788509.7317,2959370.0324,788640.3868,2959276.7487
1,Line,788485.9280,2959179.4905,788587.0560,2958999.3044
1,Line,788765.0298,2959128.9807,788572.6262,2959220.5335
1,Line,788765.0298,2959128.9807,788643.3825,2959123.2287
1,Line,789003.6207,2959757.9857,788850.2825,2959733.5913
1,Line,789012.0315,2959842.0551,788847.3621,2959855.4916
1,Line,788485.9280,2959179.4905,788511.0396,2959005.9959
1,Line,789003.6207,2959757.9857,788779.5369,2959830.8980
1,Line,789853.4278,2963542.9881,790057.6182,2963149.7143
1,Line,789979.6372,2963203.8568,789853.4905,2963542.8194
1,Line,789950.6187,2963001.8529,789636.9810,2963560.2401
1,Line,790068.8851,2962854.1496,789985.5337,2963107.4465
1,Line,789575.7602,2958355.4182,789860.0152,2958205.3184
1,Line,789422.0064,2958271.5898,789787.7865,2958151.7337
1,Line,790239.5781,2960153.9119,790083.3163,2960013.5087
1,Line,789422.0064,2958271.5898,789850.4160,2958050.2973
1,Line,789826.2536,2962667.2518,789620.8444,2962730.4904
1,Line,788471.5758,2961751.6999,788824.2086,2961519.2135
1,Line,789894.4319,2962286.8705,789653.7226,2962299.2589
1,Line,789524.0569,2961032.2863,789426.8182,2960929.4035
1,Line,789182.8778,2961434.4422,789128.5902,2961236.7372
1,Line,790018.8857,2962727.7147,789826.4706,2962812.5230
1,Line,790018.8857,2962727.7147,789888.7242,2962713.4138
1,Line,789894.4319,2962286.8705,789715.9440,2962200.1454
1,Line,789775.7394,2962042.2770,789610.7049,2962034.8605
1,Line,787251.6729,2958773.6942,786403.7841,2958667.9763
1,Line,787100.8767,2958649.1789,786403.7854,2958667.9491
1,Line,787350.0181,2959016.1713,786552.6569,2958795.4269
1,Line,787281.1764,2958894.9327,786489.0596,2958727.8750
1,Line,786556.6995,2958331.3373,786195.8135,2958455.9604
1,Line,784971.7838,2957003.3492,784249.5422,2957269.4859
1,Line,786730.4428,2958491.8965,786303.0377,2958678.9703
1,Line,786805.8408,2958439.4690,786266.8859,2958621.6554
1,Line,787683.9320,2959264.0268,786585.7057,2958888.5690
1,Line,785116.8378,2957560.6373,784393.1578,2957894.3538
1,Line,785777.5221,2957459.5640,785573.2099,2958106.7341
1,Line,784900.8883,2957150.6716,784232.6856,2957417.0602
1,Line,784920.6905,2957267.5256,784197.0104,2957601.2422
1,Line,785444.8680,2962703.5178,785401.5479,2962114.1734
1,Line,786541.4880,2960593.8851,786374.8937,2960629.0001
1,Line,785096.0904,2956888.4049,784362.6505,2957062.7956
1,Line,787501.7164,2959654.8263,786578.4011,2959129.0888
1,Line,790566.2842,2955726.3460,790628.5133,2955297.5610
1,Line,790524.1404,2955642.3334,790568.9966,2955273.0537
1,Line,788292.5439,2957686.8417,788130.6074,2957523.0932
1,Line,788292.5439,2957686.8417,788156.0895,2957610.9362
1,Line,789417.0505,2955488.3362,789615.6892,2954982.6644
1,Line,789404.4698,2955375.1953,789615.6697,2954982.6554
1,Line,790461.2413,2955741.8325,790568.9780,2955273.0505
1,Line,789472.6052,2955446.1463,789671.3942,2955075.0265
1,Line,788449.8792,2957728.4708,788186.7556,2957540.6831
1,Line,784975.6002,2957513.2954,784371.2210,2957786.8191
1,Line,788282.6393,2954326.6756,788194.0601,2954259.5120
1,Line,784968.8631,2957780.4395,784375.9903,2958232.6921
1,Line,784862.4417,2957799.2145,784420.7908,2958032.2267
1,Line,789487.5124,2956210.9093,789135.5599,2956171.6659
1,Line,788021.5151,2958373.9708,787926.2752,2958662.5404
1,Line,789414.7961,2956161.1427,788894.8343,2955612.6649
1,Line,789414.7961,2956161.1427,789097.5556,2955911.0016
1,Line,787716.8694,2958217.0625,787399.5272,2958021.7556
1,Line,785571.9363,2956325.4984,785281.4036,2955936.9777
1,Line,787696.3585,2957525.1272,787278.9824,2958065.0851
1,Line,787663.0283,2957437.9946,787231.7830,2957981.2107
1,Line,785252.1491,2956676.3282,784870.4105,2956560.0472
1,Line,785447.1414,2956652.9395,784825.1897,2956513.7929
1,Line,785700.6312,2956820.5582,785031.8221,2956030.5255
1,Line,785205.3510,2956368.3776,784774.4924,2956279.9033
1,Line,787425.4162,2958547.6007,786403.7842,2958667.9329
1,Line,785869.7064,2956315.7184,785546.0645,2955954.0608
1,Line,785828.1375,2956307.6765,785546.0567,2955954.0674
1,Line,784267.9202,2962235.6816,784382.9671,2961827.6300
1,Line,787130.1881,2959117.5244,786585.4360,2958985.4007
1,Line,785724.0302,2956430.7474,785436.5610,2955974.0543
1,Line,786927.2905,2955923.8028,787045.3063,2955577.5924
1,Line,785767.7963,2956357.2690,785436.5829,2955974.0381
1,Line,785719.4000,2956342.4912,785436.5748,2955974.0447
1,Line,787162.8098,2959721.1151,786383.6826,2959184.0250
1,Line,786947.8376,2959735.4400,786331.7345,2959345.1763
1,Line,786639.3630,2959671.4372,786017.0172,2959512.0027
1,Line,787053.5321,2959418.4965,786383.7043,2959183.9823
1,Line,786058.8996,2960786.5964,785801.9334,2960331.5585
1,Line,784966.2859,2957160.5751,784420.9176,2957411.1148
1,Line,786768.0805,2960384.0167,786225.7215,2960038.6017
1,Line,786473.5457,2960557.1951,785594.0954,2960068.8346
1,Line,787292.5076,2959897.6227,786086.0600,2959585.5123
1,Line,786459.0375,2955975.0244,786480.5188,2955748.7352
1,Line,786479.2832,2956050.4016,786480.5351,2955748.7360
1,Line,786310.8545,2956985.4247,785846.9492,2956888.0090
1,Line,785468.4883,2955270.2570,785484.0784,2955574.1297
1,Line,787151.0787,2960036.4182,786129.7738,2959754.9566
1,Line,786837.3637,2959915.6151,786109.2002,2959687.6874
1,Line,786559.7750,2959602.6749,785980.9453,2959350.0078
1,Line,787012.2217,2960175.2143,786203.2464,2959869.6064
1,Line,789162.2943,2955365.7671,789328.6453,2954784.6571
1,Line,789258.7994,2957034.9191,789210.1715,2956897.8632
1,Line,789168.9031,2957112.1640,789063.3619,2957005.0948
1,Line,789602.8154,2956944.9865,789717.8520,2957130.8511
1,Line,789337.6555,2957086.9409,789210.2119,2956897.8429
1,Line,788987.7379,2957235.0488,789044.1888,2957296.4725
1,Line,788635.0432,2957350.4445,788799.6844,2957469.3479
1,Line,788894.4832,2957235.1250,788722.3160,2957075.7261
1,Line,788976.6977,2957153.0745,789044.2339,2957296.4422
1,Line,789746.3346,2956949.7159,789888.1446,2957083.5877
1,Line,788165.1473,2957368.7825,787936.8986,2957410.0771
1,Line,788165.1473,2957368.7825,788016.4751,2957330.6103
1,Line,787999.0941,2956700.6646,787766.9836,2956640.5146
1,Line,788124.9035,2957270.3352,787906.7809,2957197.3327
1,Line,788415.2478,2958114.7650,788258.6825,2958072.4689
1,Line,789735.2944,2956867.7416,789888.1715,2957083.5644
1,Line,788377.1215,2957985.6188,788177.1409,2957963.4083
1,Line,788415.2478,2958114.7650,788188.7905,2958142.2662
1,Line,787761.3060,2960544.9895,787974.6905,2960859.3641
1,Line,787670.5207,2960484.4930,787974.6782,2960859.3732
1,Line,787926.8423,2958179.9068,787873.2866,2958219.4457
1,Line,787684.9312,2960552.1916,787850.8168,2960822.7546
1,Line,788108.5943,2960120.0761,788195.9436,2960468.0950
1,Line,788808.5378,2959433.8225,788965.6107,2959557.1292
1,Line,788187.8501,2960115.7545,788305.9818,2960529.3049
1,Line,788097.0648,2960055.2580,788305.9586,2960529.3133
1,Line,787926.8423,2958179.9068,787811.3275,2958213.4575
1,Line,787055.6442,2955658.8991,787056.8373,2955893.1876
1,Line,787172.5909,2956007.0994,787097.3663,2956084.2463
1,Line,788425.1399,2955983.8252,788418.6768,2956171.5991
1,Line,787930.4173,2956018.7999,787951.6877,2956288.5481
1,Line,787913.7938,2958044.7608,787657.7347,2957673.4982
1,Line,787913.7938,2958044.7608,787774.4859,2958017.1218
1,Line,786923.6244,2956140.2590,786711.4192,2956050.7906
1,Line,787635.1326,2957274.9224,787399.8930,2957237.5692
1,Line,789765.6856,2957303.5446,789530.9228,2957150.7446
1,Line,789765.6856,2957303.5446,789472.6782,2957272.6198
1,Line,788142.0653,2958760.8155,788013.8680,2958794.0378
1,Line,788142.0653,2958760.8155,788092.6678,2958796.2811
1,Line,789629.1979,2956625.5390,789237.7665,2956615.5061
1,Line,789622.3227,2956797.0624,789323.2621,2956718.6420
1,Line,789769.3273,2957465.5439,789587.4043,2957458.2702
1,Line,789629.1979,2956625.5390,789296.0267,2956493.6133
1,Line,788158.7119,2958816.5171,788077.7318,2958852.1091
1,Line,788850.9253,2955296.6254,789031.4019,2954931.9052
1,Line,788797.4582,2955205.4843,788995.1674,2954811.6518
1,Line,789093.1015,2955403.4806,789204.2066,2954763.0742
1,Line,789055.3594,2955287.1972,789204.1882,2954763.0700
1,Line,791236.2447,2955885.3578,791297.2611,2955475.5758
1,Line,788053.8147,2955587.9271,788023.0284,2955483.6599
1,Line,788679.9406,2957818.1457,788836.9536,2957888.6845
1,Line,788265.8836,2956629.3412,788345.1047,2956541.0445
1,Line,788639.7762,2955206.1257,788510.2879,2954958.1648
1,Line,787646.3644,2955860.0797,787469.9204,2955943.2212
1,Line,788627.0977,2955299.5541,788510.2628,2954958.1756
1,Line,788515.6598,2955212.9423,788429.7948,2954974.5340
1,Line,787891.5546,2956537.2774,787657.2973,2956507.2024
1,Line,787999.0941,2956700.6646,787687.4097,2956720.0019
1,Line,787650.6665,2955939.6240,787469.8906,2956104.4142
1,Line,787650.6665,2955939.6240,787527.9931,2955994.8201
1,Line,788152.6878,2955071.9259,787967.9639,2954823.4838
1,Line,788788.0986,2954257.6485,788422.5791,2954153.8313
1,Line,788555.5133,2953373.9760,788107.9828,2953240.8979
1,Line,788759.8986,2954090.1737,788395.3418,2953928.8057
1,Line,788759.8986,2954090.1737,788337.0836,2954050.7041
1,Line,788109.1223,2955166.6569,787967.9249,2954823.5059
1,Line,787920.7675,2955058.6781,787879.2483,2954809.6736
1,Line,788599.4198,2953462.0403,788172.0852,2953303.9415
1,Line,788599.4198,2953462.0403,788080.0030,2953307.9070
2,Line,790889.7961,2952832.7520,790747.6645,2952973.4595
2,Line,790924.9730,2952868.2849,790782.8414,2953008.9924
2,Line,790356.4466,2953431.1150,790391.6235,2953466.6479
2,Line,791205.1996,2953807.7343,790916.8860,2954426.1404
2,Line,790960.1499,2952903.8178,790818.0183,2953044.5253
2,Line,790675.8867,2953185.2328,790533.7551,2953325.9403
2,Line,790463.4013,2953254.8745,790498.5782,2953290.4074
2,Line,790605.5329,2953114.1670,790463.4013,2953254.8745
2,Line,790640.7098,2953149.6999,790498.5782,2953290.4074
2,Line,790533.7551,2953325.9403,790391.6235,2953466.6479
2,Line,790356.4466,2953431.1150,790214.3150,2953571.8225
2,Line,790391.6235,2953466.6479,790249.4919,2953607.3554
2,Line,791188.0928,2953318.4767,790916.8860,2954426.1404
2,Line,790321.2697,2953395.5821,790179.1381,2953536.2896
2,Line,790179.1381,2953536.2896,790214.3150,2953571.8225
2,Line,790463.4013,2953254.8745,790321.2697,2953395.5821
2,Line,790498.5782,2953290.4074,790356.4466,2953431.1150
2,Line,790214.3150,2953571.8225,790249.4919,2953607.3554
2,Line,790321.2697,2953395.5821,790356.4466,2953431.1150
2,Line,790498.5782,2953290.4074,790533.7551,2953325.9403
2,Line,791224.7162,2953476.2831,791259.2445,2953549.6427
2,Line,791239.8057,2953107.2708,791188.0928,2953318.4767
2,Line,791163.4646,2953726.4468,791291.1766,2953204.8452
2,Line,791058.7337,2953503.9329,791186.4457,2952982.3314
2,Line,791088.2675,2953168.9307,791122.7958,2953242.2903
2,Line,790976.6753,2953957.0339,791205.1996,2953807.7343
2,Line,793254.7104,2957444.8376,793288.2848,2957411.5996
2,Line,790889.7961,2952832.7520,790924.9730,2952868.2849
2,Line,790924.9730,2952868.2849,790960.1499,2952903.8178
2,Line,791251.9050,2953365.2383,791058.7337,2953503.9329
2,Line,790747.6645,2952973.4595,790605.5329,2953114.1670
2,Line,790782.8414,2953008.9924,790640.7098,2953149.6999
2,Line,790747.6645,2952973.4595,790782.8414,2953008.9924
2,Line,790605.5329,2953114.1670,790640.7098,2953149.6999
2,Line,790818.0183,2953044.5253,790675.8867,2953185.2328
2,Line,791229.5242,2953319.7184,791120.4209,2953398.0531
2,Line,791291.1766,2953204.8452,791098.0053,2953343.5399
2,Line,790640.7098,2953149.6999,790675.8867,2953185.2328
2,Line,790782.8414,2953008.9924,790818.0183,2953044.5253
